{"global_step": 500000, "_timestamp": 1716102709.53966, "test/n_collected_episodes": 100.0, "test/n_collected_steps": 23554.0, "test/collect_time": 8.003127098083496, "test/collect_speed": 2943.099609375, "test/returns_stat/mean": -291.3399963378906, "test/returns_stat/std": 122.64340209960938, "test/returns_stat/max": -19.0, "test/returns_stat/min": -544.0, "test/lens_stat/mean": 235.5399932861328, "test/lens_stat/std": 95.8453369140625, "test/lens_stat/max": 400.0, "test/lens_stat/min": 19.0, "_runtime": 629.5924680233002, "_step": 504, "train/n_collected_episodes": 1.0, "train/n_collected_steps": 10.0, "train/collect_time": 0.002234935760498047, "train/collect_speed": 4474.4013671875, "train/returns_stat/mean": -164.0, "train/returns_stat/std": 0.0, "train/returns_stat/max": -164.0, "train/returns_stat/min": -164.0, "train/lens_stat/mean": 110.0, "train/lens_stat/std": 0.0, "train/lens_stat/max": 110.0, "train/lens_stat/min": 110.0, "update/train_time": 0.0010368824005126953, "update/smoothed_loss/loss": 7.445245265960693, "update/loss": 5.143237113952637, "info/gradient_step": 50000.0, "info/best_reward": -246.88999938964844, "info/best_reward_std": 118.35183715820312, "info/train_step": 500000.0, "info/train_episode": 4122.0, "info/test_step": 1182488.0, "info/test_episode": 5100.0, "info/timing/total_time": 624.8008422851562, "info/timing/train_time": 201.58062744140625, "info/timing/train_time_collect": 108.63829040527344, "info/timing/train_time_update": 77.66388702392578, "info/timing/test_time": 423.22021484375, "info/timing/update_speed": 2480.397216796875, "_wandb": {"runtime": 627}}