{"global_step": 97770, "_timestamp": 1715712200.02299, "test/n_collected_episodes": 100.0, "test/n_collected_steps": 21884.0, "test/collect_time": 20.23073387145996, "test/collect_speed": 1081.7205810546875, "test/returns_stat/mean": -2138.090087890625, "test/returns_stat/std": 982.9989624023438, "test/returns_stat/max": -285.0, "test/returns_stat/min": -3964.0, "test/lens_stat/mean": 218.83999633789062, "test/lens_stat/std": 98.32799530029297, "test/lens_stat/max": 400.0, "test/lens_stat/min": 33.0, "_runtime": 495.4688398838043, "_step": 98, "train/n_collected_episodes": 1.0, "train/n_collected_steps": 10.0, "train/collect_time": 0.005129814147949219, "train/collect_speed": 1949.3883056640625, "train/returns_stat/mean": -70.0, "train/returns_stat/std": 0.0, "train/returns_stat/max": -70.0, "train/returns_stat/min": -70.0, "train/lens_stat/mean": 43.0, "train/lens_stat/std": 0.0, "train/lens_stat/max": 43.0, "train/lens_stat/min": 43.0, "update/train_time": 0.0484919548034668, "update/smoothed_loss/loss": 529.10546875, "update/loss": 543.6194458007812, "info/gradient_step": 9000.0, "info/best_reward": -285.55999755859375, "info/best_reward_std": 136.3545684814453, "info/train_step": 90000.0, "info/train_episode": 887.0, "info/test_step": 218164.0, "info/test_episode": 1000.0, "info/timing/total_time": 464.86468505859375, "info/timing/train_time": 287.2648010253906, "info/timing/train_time_collect": 29.215713500976562, "info/timing/train_time_update": 253.5411834716797, "info/timing/test_time": 177.59986877441406, "info/timing/update_speed": 313.2997741699219, "_wandb": {"runtime": 503}}